year,r_mas,flux,err
2010.5260273972603,0.040268456375838924,0.2612945421334578,0.05658967141066969
2010.8657534246574,0.040268456375838924,0.23634975994718782,0.05268256277017904
2011.1561643835616,0.040268456375838924,0.22883233607058284,0.051505106436297694
2012.0983606557377,0.040268456375838924,0.2265619770396684,0.05114949942716597
2013.158904109589,0.040268456375838924,0.23597811188066878,0.052624351423169666
2014.0657534246575,0.040268456375838924,0.3113542857539011,0.06443054391778004
2015.0465753424658,0.040268456375838924,0.2976764342030767,0.06228817796811908
2015.6794520547944,0.040268456375838924,0.25144490363573774,0.05504691960819721
2016.0573770491803,0.040268456375838924,0.19929510994942043,0.04687868193868711
2016.4562841530055,0.040268456375838924,0.30916597743179725,0.06408778853553199
2016.879781420765,0.040268456375838924,0.3850915839467628,0.07598003882795569
2017.4575342465753,0.040268456375838924,0.42989812057556887,0.08299809996417307
2017.7972602739726,0.040268456375838924,0.49309958036871027,0.09289736337747807
2017.8575342465754,0.040268456375838924,0.46633915089856914,0.08870586936380903
2018.304109589041,0.040268456375838924,0.6822412728587102,0.12252268283252063
2018.4109589041095,0.040268456375838924,0.7721450529192412,0.13660433859781382
2018.9561643835616,0.040268456375838924,0.8161187660102164,0.1434919543360171
2019.5890410958905,0.040268456375838924,1.571826085747339,0.26185861621258844
2019.958904109589,0.040268456375838924,1.8393243239182164,0.3037569446834109
2020.1256830601094,0.040268456375838924,1.8784454844487009,0.3098845036732348
2020.2704918032787,0.040268456375838924,1.9344850091210852,0.31866199106203935
2020.3497267759562,0.040268456375838924,1.884162889747875,0.31078002256286796
2020.448087431694,0.040268456375838924,1.6190381568546337,0.26925345692842767
2020.5819672131147,0.040268456375838924,1.50736622566528,0.2517622491883835
2020.9781420765028,0.040268456375838924,1.3855774404716958,0.23268643560174002
2021.164383561644,0.040268456375838924,0.9085306640338939,0.15796645736259338
2021.5972602739726,0.040268456375838924,0.5641681322266798,0.10402885175681
2022.1479452054793,0.040268456375838924,0.7646841785905268,0.1354357396364094
2022.441095890411,0.040268456375838924,0.5260358250357694,0.09805617715917592
2023.495890410959,0.040268456375838924,1.0166600241144936,0.174902791138006
2023.868493150685,0.040268456375838924,0.8821070878558517,0.15382772478008494
2024.3551912568305,0.040268456375838924,1.0352207530615556,0.1778099636240735
2024.6284153005465,0.040268456375838924,1.0643586432226908,0.18237384001169338
2024.9726775956285,0.040268456375838924,0.6251804797519128,0.11358523386559685
2025.0684931506848,0.040268456375838924,0.6343960140357663,0.11502866573677191
2025.1397260273973,0.040268456375838924,0.6321797605574969,0.1146815332964161
2025.2027397260274,0.040268456375838924,0.5860128833117584,0.10745040160545352
2025.4136986301369,0.040268456375838924,0.7304874755332903,0.13007949988280018
2025.8164383561643,0.040268456375838924,0.5712914136331549,0.10514457343856531
2025.8931506849315,0.040268456375838924,0.5635999033320366,0.10393984989632234
2010.5260273972603,0.1476510067114094,0.2643500667949103,0.057068259145645554
2010.8657534246574,0.1476510067114094,0.2296449001741394,0.051632378593105946
2011.1561643835616,0.1476510067114094,0.21806008936758187,0.049817846236689375
2012.0983606557377,0.1476510067114094,0.21259345084375747,0.048961605021537395
2013.158904109589,0.1476510067114094,0.22076663723420312,0.05024177363267193
2014.0657534246575,0.1476510067114094,0.30206893681638197,0.06297617695667183
2015.0465753424658,0.1476510067114094,0.28536937456464373,0.06036051956271427
2015.6794520547944,0.1476510067114094,0.2556251323988144,0.05570167008055989
2016.0573770491803,0.1476510067114094,0.19616292101604776,0.046388086256037075
2016.4562841530055,0.1476510067114094,0.3046650386083767,0.06338280515119177
2016.879781420765,0.1476510067114094,0.3860119089459588,0.07612418960584452
2017.4575342465753,0.1476510067114094,0.42032171109897704,0.08149814410440762
2017.7972602739726,0.1476510067114094,0.48913387650411494,0.09227621400366169
2017.8575342465754,0.1476510067114094,0.46010725244232686,0.0877297652582199
2018.304109589041,0.1476510067114094,0.6491455253440318,0.11733888607244028
2018.4109589041095,0.1476510067114094,0.7268970535702504,0.1295171310246539
2018.9561643835616,0.1476510067114094,0.7677200065797684,0.13591124227576848
2019.5890410958905,0.1476510067114094,1.5272443966811446,0.25487577301686515
2019.958904109589,0.1476510067114094,1.7929555598020435,0.2964941913919875
2020.1256830601094,0.1476510067114094,1.8190965329508766,0.3005886597781199
2020.2704918032787,0.1476510067114094,1.8509864260744213,0.30558358320687223
2020.3497267759562,0.1476510067114094,1.8863815229057257,0.31112752773314317
2020.448087431694,0.1476510067114094,1.6898705415930637,0.2803479543817029
2020.5819672131147,0.1476510067114094,1.5885756855859516,0.26448211100863545
2020.9781420765028,0.1476510067114094,1.432712975938399,0.24006928851746828
2021.164383561644,0.1476510067114094,0.9854931676897127,0.1700211171620665
2021.5972602739726,0.1476510067114094,0.5799100342360596,0.10649451054265655
2022.1479452054793,0.1476510067114094,0.7426096919523452,0.13197820623986978
2022.441095890411,0.1476510067114094,0.5310248875938697,0.09883761550901371
2023.495890410959,0.1476510067114094,0.9671639108186917,0.16715020021599847
2023.868493150685,0.1476510067114094,0.8937278993555362,0.15564789593575537
2024.3551912568305,0.1476510067114094,1.0321807445541304,0.17733380618891
2024.6284153005465,0.1476510067114094,1.0728421366147698,0.18370261210063074
2024.9726775956285,0.1476510067114094,0.6405261972688192,0.11598883815675139
2025.0684931506848,0.1476510067114094,0.6213044319234388,0.11297812734333902
2025.1397260273973,0.1476510067114094,0.5648521293171757,0.10413598642418816
2025.2027397260274,0.1476510067114094,0.5574412925753355,0.1029752248648731
2025.4136986301369,0.1476510067114094,0.6546364751889853,0.11819893517703928
2025.8164383561643,0.1476510067114094,0.5445231054941294,0.10095184538664956
2025.8931506849315,0.1476510067114094,0.5345375519186952,0.09938780516519853
2010.5260273972603,0.2550335570469799,0.24439442756132101,0.0539426014472197
2010.8657534246574,0.2550335570469799,0.20370187456129812,0.047568914788310976
2011.1561643835616,0.2550335570469799,0.18937816510894495,0.045325387923764116
2012.0983606557377,0.2550335570469799,0.18140024107550404,0.044075803313584926
2013.158904109589,0.2550335570469799,0.18768253085477435,0.04505980022706223
2014.0657534246575,0.2550335570469799,0.26514523351125685,0.05719280634452942
2015.0465753424658,0.2550335570469799,0.24884003883447364,0.054638918860933486
2015.6794520547944,0.2550335570469799,0.23721787670583758,0.05281853615584933
2016.0573770491803,0.2550335570469799,0.176232220181315,0.043266334666428874
2016.4562841530055,0.2550335570469799,0.27196026601735834,0.05826024690949333
2016.879781420765,0.2550335570469799,0.3509972714271914,0.07063983653466299
2017.4575342465753,0.2550335570469799,0.3743754044241699,0.07430156044746226
2017.7972602739726,0.2550335570469799,0.43289018175521166,0.08346674739514937
2017.8575342465754,0.2550335570469799,0.4098766221016723,0.07986212671338282
2018.304109589041,0.2550335570469799,0.560167054746685,0.1034021618031104
2018.4109589041095,0.2550335570469799,0.6185526862236868,0.11254712059733295
2018.9561643835616,0.2550335570469799,0.6512269731897973,0.11766490386655021
2019.5890410958905,0.2550335570469799,1.3252507622442322,0.22323745007865306
2019.958904109589,0.2550335570469799,1.5680390507983428,0.2612654518040731
2020.1256830601094,0.2550335570469799,1.5878441592194916,0.2643675318166505
2020.2704918032787,0.2550335570469799,1.6049042750856466,0.26703966283029046
2020.3497267759562,0.2550335570469799,1.710682447424144,0.2836077293715382
2020.448087431694,0.2550335570469799,1.606402958696623,0.2672744020892699
2020.5819672131147,0.2550335570469799,1.5283791822631576,0.25505351481951866
2020.9781420765028,0.2550335570469799,1.36139513656536,0.22889875416063205
2021.164383561644,0.2550335570469799,0.9893244518157904,0.17062121233232672
2021.5972602739726,0.2550335570469799,0.5553721290214633,0.10265113116304986
2022.1479452054793,0.2550335570469799,0.6495015768619429,0.11739465452741021
2022.441095890411,0.2550335570469799,0.48868289506560464,0.09220557664704152
2023.495890410959,0.2550335570469799,0.8370221287160203,0.1467660542432959
2023.868493150685,0.2550335570469799,0.8274879103152502,0.14527270678426385
2024.3551912568305,0.2550335570469799,0.9437692165381398,0.1634858823044357
2024.6284153005465,0.2550335570469799,0.9843734319731605,0.16984573262430877
2024.9726775956285,0.2550335570469799,0.6084904362185002,0.11097106739131696
2025.0684931506848,0.2550335570469799,0.5642065929939686,0.10403487587821028
2025.1397260273973,0.2550335570469799,0.48870058187330434,0.09220834693698311
2025.2027397260274,0.2550335570469799,0.5010962363393968,0.09414988197654997
2025.4136986301369,0.2550335570469799,0.5463063859199101,0.10123116112923482
2025.8164383561643,0.2550335570469799,0.48167348454288345,0.09110769059561934
2025.8931506849315,0.2550335570469799,0.4747195141228427,0.0900184881439414
2010.5260273972603,0.3624161073825503,0.2097180100425201,0.04851122387505789
2010.8657534246574,0.3624161073825503,0.168141277446673,0.041999047903522824
2011.1561643835616,0.3624161073825503,0.15316823704691543,0.039653816139883356
2012.0983606557377,0.3624161073825503,0.14365416552800697,0.03816362429293937
2013.158904109589,0.3624161073825503,0.14709449080934067,0.038702483463263
2014.0657534246575,0.3624161073825503,0.21247678222860378,0.04894333118170439
2015.0465753424658,0.3624161073825503,0.19966502149300172,0.046936621293593134
2015.6794520547944,0.3624161073825503,0.2033616607757363,0.04751562700206146
2016.0573770491803,0.3624161073825503,0.14700989963178784,0.03868923392200592
2016.4562841530055,0.3624161073825503,0.22265299959104085,0.050537235128725946
2016.879781420765,0.3624161073825503,0.29341545712339284,0.06162077986295025
2017.4575342465753,0.3624161073825503,0.3095671785460909,0.06415062878518923
2017.7972602739726,0.3624161073825503,0.3429597106939703,0.06938091101048978
2017.8575342465754,0.3624161073825503,0.333294352653565,0.06786702311076344
2018.304109589041,0.3624161073825503,0.4467169883846997,0.08563244422300947
2018.4109589041095,0.3624161073825503,0.48334189719211257,0.09136901456425656
2018.9561643835616,0.3624161073825503,0.5055248200404094,0.0948435323565836
2019.5890410958905,0.3624161073825503,1.0336814862663664,0.1775688678089008
2019.958904109589,0.3624161073825503,1.2395892434050555,0.20982026094808137
2020.1256830601094,0.3624161073825503,1.256840505425696,0.21252233124065392
2020.2704918032787,0.3624161073825503,1.2781548452267764,0.21586080261239401
2020.3497267759562,0.3624161073825503,1.4151284301450318,0.23731501588861423
2020.448087431694,0.3624161073825503,1.3993884576055828,0.23484965931621588
2020.5819672131147,0.3624161073825503,1.3510724724351695,0.22728191221289398
2020.9781420765028,0.3624161073825503,1.203769920451616,0.20420986975833832
2021.164383561644,0.3624161073825503,0.9268421697815511,0.16083459394493824
2021.5972602739726,0.3624161073825503,0.5073569482132735,0.09513049913629851
2022.1479452054793,0.3624161073825503,0.5174975668554859,0.09671882724520123
2022.441095890411,0.3624161073825503,0.41591698850944286,0.08080823109734975
2023.495890410959,0.3624161073825503,0.6666806767071685,0.12008542203702098
2023.868493150685,0.3624161073825503,0.7095310524043874,0.1267970891056966
2024.3551912568305,0.3624161073825503,0.8018821721252424,0.14126207240865535
2024.6284153005465,0.3624161073825503,0.8322392300200342,0.14601690740039563
2024.9726775956285,0.3624161073825503,0.5450279191437112,0.10103091449847384
2025.0684931506848,0.3624161073825503,0.4878512935253968,0.09207532265087794
2025.1397260273973,0.3624161073825503,0.4219502801941335,0.08175322736534
2025.2027397260274,0.3624161073825503,0.43801163810840216,0.08426892262442277
2025.4136986301369,0.3624161073825503,0.43863469610691447,0.0843665123837294
2025.8164383561643,0.3624161073825503,0.4033635677186691,0.07884198507150375
2025.8931506849315,0.3624161073825503,0.40275150769876283,0.07874611792885174
2010.5260273972603,0.4697986577181208,0.16925646282997148,0.04217371972123197
2010.8657534246574,0.4697986577181208,0.13136987363475833,0.036239532006223034
2011.1561643835616,0.4697986577181208,0.11834952916017043,0.034200151585141315
2012.0983606557377,0.4697986577181208,0.10809716205112811,0.03259432028069845
2013.158904109589,0.4697986577181208,0.10789475261592107,0.03256261683076215
2014.0657534246575,0.4697986577181208,0.15719049045940153,0.04028382288617667
2015.0465753424658,0.4697986577181208,0.14930545432421624,0.03904878733508172
2015.6794520547944,0.4697986577181208,0.16228210434432785,0.04108132388078497
2016.0573770491803,0.4697986577181208,0.11610303124073455,0.03384828194898537
2016.4562841530055,0.4697986577181208,0.16921895071873205,0.04216784418811036
2016.879781420765,0.4697986577181208,0.2272816371660533,0.05126222000644458
2017.4575342465753,0.4697986577181208,0.2407553025614426,0.05337260421795238
2017.7972602739726,0.4697986577181208,0.24330353742023547,0.05377173500051216
2017.8575342465754,0.4697986577181208,0.24854182317774057,0.05459220925407259
2018.304109589041,0.4697986577181208,0.33457478105752697,0.06806757699186339
2018.4109589041095,0.4697986577181208,0.3519206514204446,0.0707844658171781
2018.9561643835616,0.4697986577181208,0.36293146100148244,0.0725090921912079
2019.5890410958905,0.4697986577181208,0.7259882089171431,0.12937477841678172
2019.958904109589,0.4697986577181208,0.8888097448173957,0.15487756393013805
2020.1256830601094,0.4697986577181208,0.907395170979573,0.1577886047483422
2020.2704918032787,0.4697986577181208,0.949562771583919,0.16439332855149016
2020.3497267759562,0.4697986577181208,1.0729485790392896,0.18371928420918837
2020.448087431694,0.4697986577181208,1.12052885732506,0.19117179732472103
2020.5819672131147,0.4697986577181208,1.101496823189549,0.1881908041670459
2020.9781420765028,0.4697986577181208,1.000873487034046,0.17243014114772498
2021.164383561644,0.4697986577181208,0.8192587853757252,0.14398377650157762
2021.5972602739726,0.4697986577181208,0.4527132020888854,0.08657163295590398
2022.1479452054793,0.4697986577181208,0.38095563651859976,0.07533222415422865
2022.441095890411,0.4697986577181208,0.33089975183801823,0.06749195607401463
2023.495890410959,0.4697986577181208,0.49244102012346985,0.09279421289072502
2023.868493150685,0.4697986577181208,0.568518572395492,0.10471026249219254
2024.3551912568305,0.4697986577181208,0.6411043307757742,0.11607939137960632
2024.6284153005465,0.4697986577181208,0.6532783856203055,0.11798621720465023
2024.9726775956285,0.4697986577181208,0.46632133545954074,0.08870307892630422
2025.0684931506848,0.4697986577181208,0.412315729356958,0.08024416480700287
2025.1397260273973,0.4697986577181208,0.36667993870969323,0.07309621736765054
2025.2027397260274,0.4697986577181208,0.3820811606449446,0.07550851533233092
2025.4136986301369,0.4697986577181208,0.3511926302576926,0.07067043564629073
2025.8164383561643,0.4697986577181208,0.32475471168649755,0.0665294566104842
2025.8931506849315,0.4697986577181208,0.3305539586685729,0.0674377943872108
2010.5260273972603,0.5771812080536913,0.13294896790510397,0.036486866010655136
2010.8657534246574,0.5771812080536913,0.10126299563487874,0.031523882765706786
2011.1561643835616,0.5771812080536913,0.09129550672167232,0.0299626720176643
2012.0983606557377,0.5771812080536913,0.08089231134024172,0.028333216436133006
2013.158904109589,0.5771812080536913,0.07706027954456592,0.027733004158161677
2014.0657534246575,0.5771812080536913,0.11068778897219392,0.03300009094455916
2015.0465753424658,0.5771812080536913,0.10762711101813434,0.03252069604783212
2015.6794520547944,0.5771812080536913,0.12394104458581276,0.03507595230650374
2016.0573770491803,0.5771812080536913,0.09011064335549503,0.02977708651680792
2016.4562841530055,0.5771812080536913,0.1235598858404261,0.03501625129903941
2016.879781420765,0.5771812080536913,0.16722534199156971,0.04185558466122859
2017.4575342465753,0.5771812080536913,0.18241570502120838,0.044234855732914205
2017.7972602739726,0.5771812080536913,0.15971594149409396,0.04067938503160257
2017.8575342465754,0.5771812080536913,0.1749733375249145,0.04306915550216688
2018.304109589041,0.5771812080536913,0.2446479599102382,0.05398231229430993
2018.4109589041095,0.5771812080536913,0.2479797203501279,0.05450416692128291
2018.9561643835616,0.5771812080536913,0.25042427835796827,0.054887058767894056
2019.5890410958905,0.5771812080536913,0.46868413217906024,0.08907316447804893
2019.958904109589,0.5771812080536913,0.5916003066532557,0.10832556138246129
2020.1256830601094,0.5771812080536913,0.6115485174276111,0.11145005555911167
2020.2704918032787,0.5771812080536913,0.6770490049590565,0.12170941636969917
2020.3497267759562,0.5771812080536913,0.7598836574025054,0.13468383257734914
2020.448087431694,0.5771812080536913,0.8422357494162422,0.14758266520161045
2020.5819672131147,0.5771812080536913,0.8453843227651113,0.1480758271801246
2020.9781420765028,0.5771812080536913,0.8018337424299772,0.14125448685110611
2021.164383561644,0.5771812080536913,0.6995600020112668,0.12523532052199765
2021.5972602739726,0.5771812080536913,0.4066294206815032,0.07935351659077614
2022.1479452054793,0.5771812080536913,0.2703055204468062,0.05800106361944735
2022.441095890411,0.5771812080536913,0.2540220323067454,0.055450576037143394
2023.495890410959,0.5771812080536913,0.3477575627819206,0.0701324000076134
2023.868493150685,0.5771812080536913,0.4370317568040064,0.08411544352476694
2024.3551912568305,0.5771812080536913,0.4955416461445566,0.09327986486505199
2024.6284153005465,0.5771812080536913,0.48882342479223684,0.09222758785985027
2024.9726775956285,0.5771812080536913,0.39014560532586917,0.07677165169721538
2025.0684931506848,0.5771812080536913,0.35054645077784197,0.07056922436249681
2025.1397260273973,0.5771812080536913,0.31954568955627743,0.06571356592755444
2025.2027397260274,0.5771812080536913,0.3406087158988613,0.06901267399766974
2025.4136986301369,0.5771812080536913,0.2904475786335504,0.06115592017385776
2025.8164383561643,0.5771812080536913,0.25746176266818377,0.05598934202498718
2025.8931506849315,0.5771812080536913,0.26694044449277676,0.057473990773602567
2010.5260273972603,0.6845637583892618,0.10470091711825688,0.03206236542844291
2010.8657534246574,0.6845637583892618,0.0797569469172495,0.028155383969445034
2011.1561643835616,0.6845637583892618,0.07288944086848619,0.027079724457913453
2012.0983606557377,0.6845637583892618,0.06250335747350506,0.02545294913190067
2013.158904109589,0.6845637583892618,0.05579467091842706,0.024402165564822022
2014.0657534246575,0.6845637583892618,0.07728388099118039,0.02776802691913709
2015.0465753424658,0.6845637583892618,0.07789750870540552,0.02786413961021576
2015.6794520547944,0.6845637583892618,0.092891467774997,0.030212647871322523
2016.0573770491803,0.6845637583892618,0.07078988816320264,0.026750870894281454
2016.4562841530055,0.6845637583892618,0.08975957630157201,0.029722098779912418
2016.879781420765,0.6845637583892618,0.11975126494657826,0.0344197058775726
2017.4575342465753,0.6845637583892618,0.13822661484919896,0.037313505418558345
2017.7972602739726,0.6845637583892618,0.10274355026796288,0.03175578247749603
2017.8575342465754,0.6845637583892618,0.12069560380695567,0.034567617953668514
2018.304109589041,0.6845637583892618,0.1811028132856594,0.0440292171105487
2018.4109589041095,0.6845637583892618,0.17588348457022512,0.04321171210411659
2018.9561643835616,0.6845637583892618,0.17349361095600901,0.042837385490315814
2019.5890410958905,0.6845637583892618,0.28626680318732667,0.060501084074351424
2019.958904109589,0.6845637583892618,0.376917127321946,0.07469967125963443
2020.1256830601094,0.6845637583892618,0.39599199568992227,0.07768737355585906
2020.2704918032787,0.6845637583892618,0.473898942719073,0.08988996180132322
2020.3497267759562,0.6845637583892618,0.5129482626524646,0.0960062683770934
2020.448087431694,0.6845637583892618,0.6057435141935753,0.11054081617893133
2020.5819672131147,0.6845637583892618,0.6238318445858942,0.1133739967391039
2020.9781420765028,0.6845637583892618,0.6296672048135092,0.11428799094420218
2021.164383561644,0.6845637583892618,0.5860059372200073,0.10744931363704009
2021.5972602739726,0.6845637583892618,0.3713734064743831,0.07383135661722785
2022.1479452054793,0.6845637583892618,0.1953699410322896,0.04626388156572782
2022.441095890411,0.6845637583892618,0.19395454620666278,0.04604218785392799
2023.495890410959,0.6845637583892618,0.24415973970206203,0.05390584221813997
2023.868493150685,0.6845637583892618,0.3288309098624678,0.06716791274109943
2024.3551912568305,0.6845637583892618,0.3787987785563692,0.07499439485118584
2024.6284153005465,0.6845637583892618,0.35938879341923186,0.07195420311590396
2024.9726775956285,0.6845637583892618,0.3241359628374976,0.06643254179454518
2025.0684931506848,0.6845637583892618,0.3012552793465313,0.06284873354557631
2025.1397260273973,0.6845637583892618,0.274283540761127,0.058624142122441256
2025.2027397260274,0.6845637583892618,0.31003044427649434,0.06422319023409614
2025.4136986301369,0.6845637583892618,0.24907757266188066,0.054676123854849275
2025.8164383561643,0.6845637583892618,0.2033968414441426,0.04752113736059986
2025.8931506849315,0.6845637583892618,0.21338943758482457,0.049086280661136725
2010.5260273972603,0.7919463087248322,0.08453602687066397,0.028903932681562428
2010.8657534246574,0.7919463087248322,0.06539831807887644,0.025906387671097545
2011.1561643835616,0.7919463087248322,0.06080195892791599,0.025186458572522358
2012.0983606557377,0.7919463087248322,0.05053027702091977,0.023577601985540975
2013.158904109589,0.7919463087248322,0.04212721438685528,0.022261427790113097
2014.0657534246575,0.7919463087248322,0.05550104579223784,0.024356174974123238
2015.0465753424658,0.7919463087248322,0.05852023612305453,0.024829071652103154
2015.6794520547944,0.7919463087248322,0.06961917424318514,0.026567501625378367
2016.0573770491803,0.7919463087248322,0.056613184220937154,0.0245303695464288
2016.4562841530055,0.7919463087248322,0.06655683614103922,0.026087846699163628
2016.879781420765,0.7919463087248322,0.08506545734078046,0.028986857533296342
2017.4575342465753,0.7919463087248322,0.10541593043789155,0.032174358177000484
2017.7972602739726,0.7919463087248322,0.0713581250973039,0.026839874013991794
2017.8575342465754,0.7919463087248322,0.0849669579008092,0.028971429536766992
2018.304109589041,0.7919463087248322,0.13719555435488667,0.03715201010718964
2018.4109589041095,0.7919463087248322,0.12887256070322456,0.035848377140249695
2018.9561643835616,0.7919463087248322,0.12474946032901794,0.03520257470439841
2019.5890410958905,0.7919463087248322,0.17182648462006714,0.04257626299731071
2019.958904109589,0.7919463087248322,0.2376719452962372,0.052889657053986586
2020.1256830601094,0.7919463087248322,0.2544290379097478,0.05551432544559059
2020.2704918032787,0.7919463087248322,0.32777352818251515,0.06700229473460853
2020.3497267759562,0.7919463087248322,0.33503804678793053,0.0681401384407703
2020.448087431694,0.7919463087248322,0.42346755103211065,0.08199087794720349
2020.5819672131147,0.7919463087248322,0.45044398466101343,0.08621620475639577
2020.9781420765028,0.7919463087248322,0.48675921354452056,0.0919042698392107
2021.164383561644,0.7919463087248322,0.48333935672337025,0.09136861664988312
2021.5972602739726,0.7919463087248322,0.33938755437960944,0.06882140310631957
2022.1479452054793,0.7919463087248322,0.15125103532901582,0.039353524265549326
2022.441095890411,0.7919463087248322,0.1504470412877356,0.03922759444014007
2023.495890410959,0.7919463087248322,0.17722671722043717,0.04342210303295466
2023.868493150685,0.7919463087248322,0.24539456829999096,0.054099253788081385
2024.3551912568305,0.7919463087248322,0.28981751022762264,0.0610572323723561
2024.6284153005465,0.7919463087248322,0.2680286172970429,0.05764443160303724
2024.9726775956285,0.7919463087248322,0.26857727815080384,0.0577303685154713
2025.0684931506848,0.7919463087248322,0.2573645495414998,0.055974115504089955
2025.1397260273973,0.7919463087248322,0.22883481222366078,0.051505494276889524
2025.2027397260274,0.7919463087248322,0.28249140937358014,0.059909743020306744
2025.4136986301369,0.7919463087248322,0.21555816178713005,0.04942596857688582
2025.8164383561643,0.7919463087248322,0.15986933435359865,0.040703411000732506
2025.8931506849315,0.7919463087248322,0.16828105146424893,0.04202094074939772
2010.5260273972603,0.8993288590604027,0.07071126226351943,0.02673855569626831
2010.8657534246574,0.8993288590604027,0.05580425395241708,0.024403666558281294
2011.1561643835616,0.8993288590604027,0.0523020047454893,0.023855108225105278
2012.0983606557377,0.8993288590604027,0.04228043037828299,0.02228542605634362
2013.158904109589,0.8993288590604027,0.033460777097361595,0.020904001144203613
2014.0657534246575,0.8993288590604027,0.04197025200797845,0.022236842726104034
2015.0465753424658,0.8993288590604027,0.046432947129477424,0.02293583598805688
2015.6794520547944,0.8993288590604027,0.05314433896218768,0.023987043283574323
2016.0573770491803,0.8993288590604027,0.04561832090493224,0.0228082408406259
2016.4562841530055,0.8993288590604027,0.050993848250729,0.0236502112849105
2016.879781420765,0.8993288590604027,0.060987690507407995,0.025215549764965987
2017.4575342465753,0.8993288590604027,0.08025721023357756,0.028233740361220692
2017.7972602739726,0.8993288590604027,0.058342644494833416,0.024801255422644015
2017.8575342465754,0.8993288590604027,0.06351082617818334,0.025610749254254075
2018.304109589041,0.8993288590604027,0.10550917207230116,0.032188962641883555
2018.4109589041095,0.8993288590604027,0.09795120520877361,0.03100515604792243
2018.9561643835616,0.8993288590604027,0.09397800052982198,0.03038283181932627
2019.5890410958905,0.8993288590604027,0.106872591801665,0.03240251547892316
2019.958904109589,0.8993288590604027,0.15514182752354488,0.039962940202240296
2020.1256830601094,0.8993288590604027,0.16804666910439567,0.041984229370780626
2020.2704918032787,0.8993288590604027,0.22477959703318887,0.05087032471752321
2020.3497267759562,0.8993288590604027,0.21573298784178357,0.049453351633735904
2020.448087431694,0.8993288590604027,0.2932738661882987,0.061598602432744995
2020.5819672131147,0.8993288590604027,0.32347621275246646,0.06632920494283241
2020.9781420765028,0.8993288590604027,0.3687282318304798,0.07341704212734268
2021.164383561644,0.8993288590604027,0.3905087637246924,0.07682853330505278
2021.5972602739726,0.8993288590604027,0.3030268221635658,0.0631262108230185
2022.1479452054793,0.8993288590604027,0.1277200722345958,0.035667862529209164
2022.441095890411,0.8993288590604027,0.11993728192683088,0.034448841772422106
2023.495890410959,0.8993288590604027,0.13667805444050946,0.03707095394194362
2023.868493150685,0.8993288590604027,0.18283473765344654,0.04430048893852168
2024.3551912568305,0.8993288590604027,0.22303932770795065,0.05059774581638686
2024.6284153005465,0.8993288590604027,0.20902861043621784,0.048403243010024834
2024.9726775956285,0.8993288590604027,0.22198631949317466,0.05043281282704517
2025.0684931506848,0.8993288590604027,0.21429202753957263,0.049227653593747756
2025.1397260273973,0.8993288590604027,0.1868839232503845,0.04493471408086245
2025.2027397260274,0.8993288590604027,0.25229668421563933,0.055180334253339604
2025.4136986301369,0.8993288590604027,0.1832102928965756,0.04435931226776361
2025.8164383561643,0.8993288590604027,0.12513446193535024,0.035262877620313694
2025.8931506849315,0.8993288590604027,0.13127048181494405,0.036223964235973904
2010.5260273972603,1.0067114093959733,0.06086830455543499,0.025196850307860133
2010.8657534246574,1.0067114093959733,0.04884694313755853,0.0233139408995712
2011.1561643835616,1.0067114093959733,0.045592695132412785,0.022804227068267322
2012.0983606557377,1.0067114093959733,0.03597516784764814,0.02129783091399898
2013.158904109589,1.0067114093959733,0.027562851797373486,0.019980207353242567
2014.0657534246575,1.0067114093959733,0.033284757183188345,0.020876431092782467
2015.0465753424658,1.0067114093959733,0.0384348681747169,0.02168309450656696
2015.6794520547944,1.0067114093959733,0.04179946176126368,0.022210091799049713
2016.0573770491803,1.0067114093959733,0.0365451975808935,0.021387114840371584
2016.4562841530055,1.0067114093959733,0.04008177527367479,0.02194105005447972
2016.879781420765,1.0067114093959733,0.04438510823807041,0.022615082374447332
2017.4575342465753,1.0067114093959733,0.059990705256020814,0.02505939166901433
2017.7972602739726,1.0067114093959733,0.05515833977468195,0.024302496828836496
2017.8575342465754,1.0067114093959733,0.05119480254402982,0.02368168681553796
2018.304109589041,1.0067114093959733,0.08054113977336412,0.028278212329342398
2018.4109589041095,1.0067114093959733,0.07593948261955179,0.02755745340300742
2018.9561643835616,1.0067114093959733,0.07255497529542675,0.027027337015894957
2019.5890410958905,1.0067114093959733,0.07091683120573825,0.02677075402072599
2019.958904109589,1.0067114093959733,0.10768633770555422,0.032529972741468405
2020.1256830601094,1.0067114093959733,0.11557055381601888,0.033764879851847875
2020.2704918032787,1.0067114093959733,0.15276041141919244,0.039589938290720696
2020.3497267759562,1.0067114093959733,0.13736658578534283,0.037178798810924986
2020.448087431694,1.0067114093959733,0.20198956647114155,0.04730071546372777
2020.5819672131147,1.0067114093959733,0.23102321701926118,0.051848264769809985
2020.9781420765028,1.0067114093959733,0.27117175597227333,0.058136742347005665
2021.164383561644,1.0067114093959733,0.30496417076332694,0.06342965830944054
2021.5972602739726,1.0067114093959733,0.25915225166920536,0.056254123819160604
2022.1479452054793,1.0067114093959733,0.11463712450020898,0.033618676540956856
2022.441095890411,1.0067114093959733,0.0980496001357903,0.031020567674556673
2023.495890410959,1.0067114093959733,0.11092993744851894,0.03303801873230516
2023.868493150685,1.0067114093959733,0.13531197365053263,0.036856984302190074
2024.3551912568305,1.0067114093959733,0.17204440216984357,0.04261039548783672
2024.6284153005465,1.0067114093959733,0.171765256107594,0.04256667275722195
2024.9726775956285,1.0067114093959733,0.18284351674163202,0.04430186400971088
2025.0684931506848,1.0067114093959733,0.17286468415312364,0.042738876498437654
2025.1397260273973,1.0067114093959733,0.15343636905164293,0.03969581373539812
2025.2027397260274,1.0067114093959733,0.21814998658744458,0.04983192686492894
2025.4136986301369,1.0067114093959733,0.1516637167893982,0.03941816268522323
2025.8164383561643,1.0067114093959733,0.09874742509412404,0.031129868204980086
2025.8931506849315,1.0067114093959733,0.10267596254417588,0.03174519619225099
2010.5260273972603,1.1140939597315436,0.053343685363879435,0.02401826696966164
2010.8657534246574,1.1140939597315436,0.0433699337128557,0.02245607528713528
2011.1561643835616,1.1140939597315436,0.039956050209033055,0.02192135770027434
2012.0983606557377,1.1140939597315436,0.031038556723700126,0.020524608047866447
2013.158904109589,1.1140939597315436,0.023349188938150852,0.019320220088473228
2014.0657534246575,1.1140939597315436,0.027602315487053452,0.01998638856267478
2015.0465753424658,1.1140939597315436,0.03268370117148159,0.020782287511202074
2015.6794520547944,1.1140939597315436,0.03461291785942991,0.02108446129386234
2016.0573770491803,1.1140939597315436,0.02949308748662905,0.020282540742380152
2016.4562841530055,1.1140939597315436,0.032586713149622845,0.020767096248540458
2016.879781420765,1.1140939597315436,0.033607030918122054,0.020926908923575304
2017.4575342465753,1.1140939597315436,0.04446721120335824,0.022627942186278543
2017.7972602739726,1.1140939597315436,0.05603517532558182,0.024439835841525728
2017.8575342465754,1.1140939597315436,0.0450431861158281,0.022718157307838334
2018.304109589041,1.1140939597315436,0.06150015772104886,0.025295817656801358
2018.4109589041095,1.1140939597315436,0.06045423628853982,0.02513199467227036
2018.9561643835616,1.1140939597315436,0.05723391479634532,0.024627594760763562
2019.5890410958905,1.1140939597315436,0.0522795465194397,0.02385159058649079
2019.958904109589,1.1140939597315436,0.08252387915324916,0.028588769387132777
2020.1256830601094,1.1140939597315436,0.0842146093380121,0.028853588957987224
2020.2704918032787,1.1140939597315436,0.1064508579115236,0.03233645917448823
2020.3497267759562,1.1140939597315436,0.08895381357952178,0.02959589192550899
2020.448087431694,1.1140939597315436,0.14233302530850347,0.037956693708082904
2020.5819672131147,1.1140939597315436,0.16607799877608995,0.04167587595271652
2020.9781420765028,1.1140939597315436,0.19706343679062013,0.04652913430919132
2021.164383561644,1.1140939597315436,0.23241597273103243,0.052066412510484564
2021.5972602739726,1.1140939597315436,0.21390978346734985,0.04916778259121882
2022.1479452054793,1.1140939597315436,0.10721250008782111,0.03245575541471004
2022.441095890411,1.1140939597315436,0.0831877856380897,0.02869275725698181
2023.495890410959,1.1140939597315436,0.09324853226462185,0.030268574988352774
2023.868493150685,1.1140939597315436,0.10015418554181019,0.03135020951159932
2024.3551912568305,1.1140939597315436,0.13497634235605663,0.036804414272879976
2024.6284153005465,1.1140939597315436,0.14809895677643903,0.03885981326593769
2024.9726775956285,1.1140939597315436,0.1517506394097842,0.03943177740106353
2025.0684931506848,1.1140939597315436,0.13850129097277533,0.0373565280213515
2025.1397260273973,1.1140939597315436,0.1316974091949827,0.0362908339982735
2025.2027397260274,1.1140939597315436,0.18365945741756762,0.04442966504005343
2025.4136986301369,1.1140939597315436,0.12560284880052863,0.03533624119408096
2025.8164383561643,1.1140939597315436,0.08196858574660086,0.028501793615970616
2025.8931506849315,1.1140939597315436,0.08399258362517449,0.02881881300466114
2010.5260273972603,1.221476510067114,0.04665022554233926,0.022969868370378173
2010.8657534246574,1.221476510067114,0.03861293011123366,0.02171098440055409
2011.1561643835616,1.221476510067114,0.03514438231243187,0.021167704728939536
2012.0983606557377,1.221476510067114,0.02716672559097096,0.019918161987915146
2013.158904109589,1.221476510067114,0.02004458176780922,0.018802618486171974
2014.0657534246575,1.221476510067114,0.023652061450956698,0.019367659100083527
2015.0465753424658,1.221476510067114,0.027891876667200756,0.02003174261629834
2015.6794520547944,1.221476510067114,0.030395597046796653,0.02042390108276417
2016.0573770491803,1.221476510067114,0.02450561674122183,0.01950135171863712
2016.4562841530055,1.221476510067114,0.027547820020693253,0.01997785292159788
2016.879781420765,1.221476510067114,0.02700533548057567,0.019892883407003653
2017.4575342465753,1.221476510067114,0.033440965862873415,0.020900898104663338
2017.7972602739726,1.221476510067114,0.05707129263900459,0.024602123203973182
2017.8575342465754,1.221476510067114,0.042238484505931526,0.02227885606190256
2018.304109589041,1.221476510067114,0.04798606993060764,0.023179102073554267
2018.4109589041095,1.221476510067114,0.0500168852696037,0.023497189283095018
2018.9561643835616,1.221476510067114,0.0464103602720991,0.022932298201879177
2019.5890410958905,1.221476510067114,0.04402051077625711,0.0225579753657465
2019.958904109589,1.221476510067114,0.07086827287914452,0.026763148315613577
2020.1256830601094,1.221476510067114,0.06526011175561935,0.025884740373649292
2020.2704918032787,1.221476510067114,0.07929745169266923,0.028083413095984777
2020.3497267759562,1.221476510067114,0.06096000261389991,0.02521121300198467
2020.448087431694,1.221476510067114,0.10500723654869966,0.032110344331786146
2020.5819672131147,1.221476510067114,0.12040254948228767,0.034521716767781485
2020.9781420765028,1.221476510067114,0.14522755178314042,0.038410064249253945
2021.164383561644,1.221476510067114,0.17480317435592724,0.04304250279448322
2021.5972602739726,1.221476510067114,0.17249703973671116,0.042681292244333244
2022.1479452054793,1.221476510067114,0.10248763823946426,0.03171569890048638
2022.441095890411,1.221476510067114,0.07339448766235121,0.027158830087196044
2023.495890410959,1.221476510067114,0.07884057733141175,0.02801185272912496
2023.868493150685,1.221476510067114,0.07385523704238654,0.027230997399397616
2024.3551912568305,1.221476510067114,0.1081128631126906,0.032596779542632966
2024.6284153005465,1.221476510067114,0.12944884513482918,0.03593864074188347
2024.9726775956285,1.221476510067114,0.12695035844242078,0.03554730202939582
2025.0684931506848,1.221476510067114,0.11360028363556214,0.03345627584846633
2025.1397260273973,1.221476510067114,0.1195281619463626,0.034384761188404625
2025.2027397260274,1.221476510067114,0.15122228622704578,0.039349021285171516
2025.4136986301369,1.221476510067114,0.10811556437059384,0.03259720264146041
2025.8164383561643,1.221476510067114,0.07441176048611575,0.02731816583163299
2025.8931506849315,1.221476510067114,0.07491954873517426,0.02739770085585654
2010.5260273972603,1.3288590604026846,0.04064072261400467,0.022028598142359364
2010.8657534246574,1.3288590604026846,0.0348193671223047,0.02111679750320575
2011.1561643835616,1.3288590604026846,0.031606922289130104,0.020613631315139998
2012.0983606557377,1.3288590604026846,0.02465638873740376,0.01952496718116662
2013.158904109589,1.3288590604026846,0.017561627308344385,0.018413712591942136
2014.0657534246575,1.3288590604026846,0.021072788254515393,0.01896366677348191
2015.0465753424658,1.3288590604026846,0.023986285840274776,0.019420008765420996
2015.6794520547944,1.3288590604026846,0.028332802753560832,0.020100805000125586
2016.0573770491803,1.3288590604026846,0.02188508705595646,0.019090897375941027
2016.4562841530055,1.3288590604026846,0.02477064752500836,0.019542863568995077
2016.879781420765,1.3288590604026846,0.02374125722810501,0.019381629861142457
2017.4575342465753,1.3288590604026846,0.027007835752027767,0.01989327502526358
2017.7972602739726,1.3288590604026846,0.05627132234647602,0.024476823619525637
2017.8575342465754,1.3288590604026846,0.04115301295956854,0.022108838331295316
2018.304109589041,1.3288590604026846,0.04023708956365232,0.021965376977835134
2018.4109589041095,1.3288590604026846,0.044308359551840766,0.02260306120493481
2018.9561643835616,1.3288590604026846,0.04005994412535272,0.021937630635235884
2019.5890410958905,1.3288590604026846,0.04343759781149413,0.022466673534995978
2019.958904109589,1.3288590604026846,0.06774737134486745,0.02627432058163537
2020.1256830601094,1.3288590604026846,0.05486462219472522,0.024256491757076656
2020.2704918032787,1.3288590604026846,0.06550636839500555,0.02592331162419537
2020.3497267759562,1.3288590604026846,0.04834998001875807,0.02323610141871419
2020.448087431694,1.3288590604026846,0.08405853129952023,0.02882914240847524
2020.5819672131147,1.3288590604026846,0.09010622969302814,0.02977639520354522
2020.9781420765028,1.3288590604026846,0.11405661935313058,0.0335277518474052
2021.164383561644,1.3288590604026846,0.13421895305306508,0.03668578416146684
2021.5972602739726,1.3288590604026846,0.14004637833558928,0.03759853551375951
2022.1479452054793,1.3288590604026846,0.1004337416164201,0.03139399646257183
2022.441095890411,1.3288590604026846,0.06819746844299274,0.026344819423758468
2023.495890410959,1.3288590604026846,0.06587511823689925,0.025981069021421128
2023.868493150685,1.3288590604026846,0.054924572433369165,0.024265881780756005
2024.3551912568305,1.3288590604026846,0.08947983531942706,0.0296782828668178
2024.6284153005465,1.3288590604026846,0.1121568391408152,0.03323018870866366
2024.9726775956285,1.3288590604026846,0.10811154464157118,0.03259657303011005
2025.0684931506848,1.3288590604026846,0.09949701612281162,0.031247276870373507
2025.1397260273973,1.3288590604026846,0.11312449242952402,0.033381752530591696
2025.2027397260274,1.3288590604026846,0.12379174381045313,0.03505256728172848
2025.4136986301369,1.3288590604026846,0.10065699736633862,0.03142896507697112
2025.8164383561643,1.3288590604026846,0.07521892207386587,0.027444591790786343
2025.8931506849315,1.3288590604026846,0.07475945900711779,0.027372625954216887
2010.5260273972603,1.436241610738255,0.035874039504896066,0.021281991151646494
2010.8657534246574,1.436241610738255,0.032462232191113626,0.02074759875904802
2011.1561643835616,1.436241610738255,0.029720147910067534,0.020318105283922562
2012.0983606557377,1.436241610738255,0.023715637485179082,0.019377617033200904
2013.158904109589,1.436241610738255,0.015840595401276383,0.0181441468533258
2014.0657534246575,1.436241610738255,0.019556773581857863,0.018726212945165417
2015.0465753424658,1.436241610738255,0.0211599259304041,0.018977315173529456
2015.6794520547944,1.436241610738255,0.027566469553493882,0.019980774003457897
2016.0573770491803,1.436241610738255,0.021387281803925746,0.019012925991506117
2016.4562841530055,1.436241610738255,0.0239023297799075,0.019406858702757268
2016.879781420765,1.436241610738255,0.022965407319576907,0.019260108259602775
2017.4575342465753,1.436241610738255,0.02447442967359953,0.01949646687897531
2017.7972602739726,1.436241610738255,0.05285814229523234,0.023942216214651018
2017.8575342465754,1.436241610738255,0.0403692622736464,0.021986079228646493
2018.304109589041,1.436241610738255,0.03757487930815099,0.021548394195047105
2018.4109589041095,1.436241610738255,0.0424646746580366,0.022314284292587614
2018.9561643835616,1.436241610738255,0.03794472653606788,0.021606323476171516
2019.5890410958905,1.436241610738255,0.04825595051746001,0.023221373550006447
2019.958904109589,1.436241610738255,0.06904289785103856,0.0264772392829673
2020.1256830601094,1.436241610738255,0.05082299368834986,0.023623450284074574
2020.2704918032787,1.436241610738255,0.059343444469063096,0.024958011019767166
2020.3497267759562,1.436241610738255,0.04681764725613304,0.02299609168312089
2020.448087431694,1.436241610738255,0.07386943472529457,0.02723322118668711
2020.5819672131147,1.436241610738255,0.0718976692056414,0.026924382967883225
2020.9781420765028,1.436241610738255,0.09901298447227705,0.031171462849230617
2021.164383561644,1.436241610738255,0.10975414259101678,0.03285385363465521
2021.5972602739726,1.436241610738255,0.1187163213940301,0.03425760236163945
2022.1479452054793,1.436241610738255,0.10155766589061385,0.03157003705535667
2022.441095890411,1.436241610738255,0.06737512433872404,0.026216015422534794
2023.495890410959,1.436241610738255,0.05447652539704544,0.024195704040421585
2023.868493150685,1.436241610738255,0.04230370460932418,0.022289071506062234
2024.3551912568305,1.436241610738255,0.07675189397340548,0.027684701634584353
2024.6284153005465,1.436241610738255,0.09555942624300075,0.03063053099834158
2024.9726775956285,1.436241610738255,0.09449343430348157,0.03046356436433821
2025.0684931506848,1.436241610738255,0.09419291936174752,0.0304164946197849
2025.1397260273973,1.436241610738255,0.10851783473280752,0.03266021036773687
2025.2027397260274,1.436241610738255,0.10311660523963986,0.03181421418847803
2025.4136986301369,1.436241610738255,0.10113618122367188,0.03150401978682547
2025.8164383561643,1.436241610738255,0.08183345049631709,0.028480627341594032
2025.8931506849315,1.436241610738255,0.08114059392305534,0.028372105010799672
2010.5260273972603,1.5436241610738255,0.0328835198913335,0.020813585176623055
2010.8657534246574,1.5436241610738255,0.031752104852106014,0.020636371303086813
2011.1561643835616,1.5436241610738255,0.029505785810611636,0.020284529684635955
2012.0983606557377,1.5436241610738255,0.024332945261324453,0.019474306133470825
2013.158904109589,1.5436241610738255,0.014923107325838096,0.018000440423647488
2014.0657534246575,1.5436241610738255,0.01875268507694558,0.018600268323889422
2015.0465753424658,1.5436241610738255,0.019617819196660485,0.018735774537937743
2015.6794520547944,1.5436241610738255,0.02719831061176651,0.01992310915910064
2016.0573770491803,1.5436241610738255,0.022253451003863993,0.019148594330477154
2016.4562841530055,1.5436241610738255,0.024390885635457077,0.019483381351474992
2016.879781420765,1.5436241610738255,0.023673319787893034,0.019370988799709932
2017.4575342465753,1.5436241610738255,0.024378575215325177,0.0194814531667145
2017.7972602739726,1.5436241610738255,0.046734471023196174,0.022983063765059132
2017.8575342465754,1.5436241610738255,0.03874682326524944,0.02173195612502341
2018.304109589041,1.5436241610738255,0.03823786527504536,0.021652237883896905
2018.4109589041095,1.5436241610738255,0.042692179261532084,0.02234991840618424
2018.9561643835616,1.5436241610738255,0.03889400162368511,0.02175500871500568
2019.5890410958905,1.5436241610738255,0.055314289181845055,0.024326923230785266
2019.958904109589,1.5436241610738255,0.07073940840613609,0.02674296423494357
2020.1256830601094,1.5436241610738255,0.05084816523148976,0.02362739291035056
2020.2704918032787,1.5436241610738255,0.05617088539711584,0.02446109215032541
2020.3497267759562,1.5436241610738255,0.05187481206333514,0.023788196908456558
2020.448087431694,1.5436241610738255,0.06882170020237964,0.026442593029579402
2020.5819672131147,1.5436241610738255,0.061579615704639774,0.02530826318436403
2020.9781420765028,1.5436241610738255,0.09339514786099434,0.030291539432745998
2021.164383561644,1.5436241610738255,0.09670468723884677,0.03080991356817415
2021.5972602739726,1.5436241610738255,0.10647882718606327,0.03234084001026407
2022.1479452054793,1.5436241610738255,0.10566537874212173,0.03221342933895875
2022.441095890411,1.5436241610738255,0.07039135614898005,0.026688448706560838
2023.495890410959,1.5436241610738255,0.045176769750709146,0.022739080552233674
2023.868493150685,1.5436241610738255,0.034783426725113094,0.021111168148122132
2024.3551912568305,1.5436241610738255,0.06753854642214027,0.026241612271983888
2024.6284153005465,1.5436241610738255,0.08003010358325531,0.028198168579147757
2024.9726775956285,1.5436241610738255,0.08436842828879319,0.028877681665920304
2025.0684931506848,1.5436241610738255,0.09349831018663189,0.030307697778441774
2025.1397260273973,1.5436241610738255,0.1026984087110384,0.031748711942031424
2025.2027397260274,1.5436241610738255,0.08844140264208723,0.02951563284823253
2025.4136986301369,1.5436241610738255,0.10473131430912624,0.03206712654947436
2025.8164383561643,1.5436241610738255,0.09047003928795301,0.02983337880842138
2025.8931506849315,1.5436241610738255,0.0900399443614445,0.029766012912377696
2010.5260273972603,1.651006711409396,0.031820225189988526,0.02064704101183578
2010.8657534246574,1.651006711409396,0.032429049328031576,0.020742401317350757
2011.1561643835616,1.651006711409396,0.030500739088977855,0.020440369512049996
2012.0983606557377,1.651006711409396,0.026104753380474438,0.01975182496526214
2013.158904109589,1.651006711409396,0.014930902585345289,0.018001661397458683
2014.0657534246575,1.651006711409396,0.018359830929967492,0.018538735462201198
2015.0465753424658,1.651006711409396,0.01938784446968058,0.01869975352816632
2015.6794520547944,1.651006711409396,0.02643004794176868,0.019802775948984774
2016.0573770491803,1.651006711409396,0.023431261755471014,0.019333075178219312
2016.4562841530055,1.651006711409396,0.0254418256996509,0.01964799040577692
2016.879781420765,1.651006711409396,0.024708785905214133,0.01953317416511863
2017.4575342465753,1.651006711409396,0.025015107345521415,0.019581153383267543
2017.7972602739726,1.651006711409396,0.0386081305547806,0.021710232644601753
2017.8575342465754,1.651006711409396,0.03563756286622201,0.021244951745515855
2018.304109589041,1.651006711409396,0.03993618068847405,0.02191824553136949
2018.4109589041095,1.651006711409396,0.04291344926531342,0.022384575992576445
2018.9561643835616,1.651006711409396,0.04088450712004193,0.022066782181924968
2019.5890410958905,1.651006711409396,0.060666687006845445,0.025165270891359864
2019.958904109589,1.651006711409396,0.06933225402500572,0.026522561226411993
2020.1256830601094,1.651006711409396,0.05229082989880631,0.023853357905551265
2020.2704918032787,1.651006711409396,0.05332047142877357,0.02401463096411328
2020.3497267759562,1.651006711409396,0.058842654568233066,0.024879572148904606
2020.448087431694,1.651006711409396,0.06458216837703168,0.02577855390096478
2020.5819672131147,1.651006711409396,0.055182434030443775,0.024306270719270585
2020.9781420765028,1.651006711409396,0.09091756375950379,0.02990347469928025
2021.164383561644,1.651006711409396,0.08978944288821036,0.029726776792245634
2021.5972602739726,1.651006711409396,0.09942010262769203,0.031235229886795616
2022.1479452054793,1.651006711409396,0.11121627078626105,0.033082867208014385
2022.441095890411,1.651006711409396,0.0759869395403933,0.027564886594609837
2023.495890410959,1.651006711409396,0.038900895458958966,0.02175608849847156
2023.868493150685,1.651006711409396,0.0311455558806898,0.020541367357596145
2024.3551912568305,1.651006711409396,0.06003566994486829,0.025066434501579523
2024.6284153005465,1.651006711409396,0.0662184030954344,0.026034837830742324
2024.9726775956285,1.651006711409396,0.0759061510264959,0.027552232665690197
2025.0684931506848,1.651006711409396,0.09285048261788198,0.030206228353994204
2025.1397260273973,1.651006711409396,0.09409733824504671,0.03040152372109591
2025.2027397260274,1.651006711409396,0.07812076445532405,0.027899108224615048
2025.4136986301369,1.651006711409396,0.10630104261084906,0.032312993559460115
2025.8164383561643,1.651006711409396,0.09678257350838984,0.030822112917698836
2025.8931506849315,1.651006711409396,0.09674123461512081,0.03081563799457167
2010.5260273972603,1.7583892617449663,0.032255726652032524,0.020715253735145708
2010.8657534246574,1.7583892617449663,0.033709049630852646,0.020942888144841902
2011.1561643835616,1.7583892617449663,0.03188775864743372,0.020657618797327592
2012.0983606557377,1.7583892617449663,0.02833237666228443,0.020100738261322446
2013.158904109589,1.7583892617449663,0.01605746078698114,0.018178114543080846
2014.0657534246575,1.7583892617449663,0.018233295889927694,0.018518916241308723
2015.0465753424658,1.7583892617449663,0.020376203382585126,0.018854560478160084
2015.6794520547944,1.7583892617449663,0.024893791923617542,0.01956215171271352
2016.0573770491803,1.7583892617449663,0.02393319928893702,0.0194116938031224
2016.4562841530055,1.7583892617449663,0.026300664923716327,0.019782510648450567
2016.879781420765,1.7583892617449663,0.025111761729871274,0.019596292388187074
2017.4575342465753,1.7583892617449663,0.0250471767436642,0.019586176422620758
2017.7972602739726,1.7583892617449663,0.029611363993391798,0.0203010664267533
2017.8575342465754,1.7583892617449663,0.031098235630635046,0.020533955572779643
2018.304109589041,1.7583892617449663,0.040682664466627105,0.022035167507189073
2018.4109589041095,1.7583892617449663,0.04151411727686114,0.022165398207732685
2018.9561643835616,1.7583892617449663,0.04170225265430869,0.02219486590776383
2019.5890410958905,1.7583892617449663,0.061088509331025324,0.025231341047244497
2019.958904109589,1.7583892617449663,0.06286635508316735,0.025509805555284062
2020.1256830601094,1.7583892617449663,0.052571587872393986,0.023897333110317526
2020.2704918032787,1.7583892617449663,0.04955414210397313,0.02342470968366367
2020.3497267759562,1.7583892617449663,0.06357324051071818,0.025620525229691198
2020.448087431694,1.7583892617449663,0.058762159494554295,0.024866964181613542
2020.5819672131147,1.7583892617449663,0.049773032428173054,0.023458994540136457
2020.9781420765028,1.7583892617449663,0.08732616902204048,0.029340953475187184
2021.164383561644,1.7583892617449663,0.0848457791496921,0.02895244927299888
2021.5972602739726,1.7583892617449663,0.09371966862445173,0.030342369216283693
2022.1479452054793,1.7583892617449663,0.1157487323246773,0.03379278800456417
2022.441095890411,1.7583892617449663,0.08234836170520372,0.028561278037130426
2023.495890410959,1.7583892617449663,0.03617400374375402,0.021328974639444803
2023.868493150685,1.7583892617449663,0.030283299886955117,0.02040631194527469
2024.3551912568305,1.7583892617449663,0.05332925453668809,0.02401600666491383
2024.6284153005465,1.7583892617449663,0.05416660830912739,0.024147161634919773
2024.9726775956285,1.7583892617449663,0.06746243687282523,0.026229691210676073
2025.0684931506848,1.7583892617449663,0.08868097045237973,0.0295531564254916
2025.1397260273973,1.7583892617449663,0.08222003587588433,0.028541178324381366
2025.2027397260274,1.7583892617449663,0.07029214923670081,0.026672909898433825
2025.4136986301369,1.7583892617449663,0.10240582067493705,0.031702883791061044
2025.8164383561643,1.7583892617449663,0.09732727894879242,0.030907430292564132
2025.8931506849315,1.7583892617449663,0.09743941330960856,0.030924993930793922
2010.5260273972603,1.8657718120805369,0.033507562723456334,0.020911329190710516
2010.8657534246574,1.8657718120805369,0.03468392637261519,0.021095583378366544
2011.1561643835616,1.8657718120805369,0.03290828544184211,0.020817464212152657
2012.0983606557377,1.8657718120805369,0.03020971874719533,0.020394786909506253
2013.158904109589,1.8657718120805369,0.018393234878145797,0.018543967532522732
2014.0657534246575,1.8657718120805369,0.01841945959028963,0.018548075116972516
2015.0465753424658,1.8657718120805369,0.02224117475142879,0.01914667149741314
2015.6794520547944,1.8657718120805369,0.022695916646439745,0.019217897855451586
2016.0573770491803,1.8657718120805369,0.02323341069297569,0.01930208570755433
2016.4562841530055,1.8657718120805369,0.026413462539821183,0.019800178172553164
2016.879781420765,1.8657718120805369,0.024400211406789645,0.019484842049807837
2017.4575342465753,1.8657718120805369,0.02392215508344726,0.01940996394593727
2017.7972602739726,1.8657718120805369,0.021302674547456803,0.018999673931803625
2017.8575342465754,1.8657718120805369,0.025922768188431557,0.01972332057059705
2018.304109589041,1.8657718120805369,0.039383266961407176,0.021831642490126743
2018.4109589041095,1.8657718120805369,0.0380668660024214,0.021625454217052364
2018.9561643835616,1.8657718120805369,0.0399941974374581,0.021927332711989312
2019.5890410958905,1.8657718120805369,0.055681342698091205,0.024384414932021172
2019.958904109589,1.8657718120805369,0.05221430229767291,0.023841371364663008
2020.1256830601094,1.8657718120805369,0.05010090966536435,0.023510350049151703
2020.2704918032787,1.8657718120805369,0.0446864110466929,0.022662275522825313
2020.3497267759562,1.8657718120805369,0.06371776584799889,0.02564316227618223
2020.448087431694,1.8657718120805369,0.05103643325999506,0.02365688138755627
2020.5819672131147,1.8657718120805369,0.044336236372612914,0.022607427559649593
2020.9781420765028,1.8657718120805369,0.08102239781087305,0.02835359191865353
2021.164383561644,1.8657718120805369,0.07985559106746556,0.028170834631983
2021.5972602739726,1.8657718120805369,0.08734951560820409,0.029344610257910107
2022.1479452054793,1.8657718120805369,0.11675372889600663,0.0339502009159371
2022.441095890411,1.8657718120805369,0.08739738254140592,0.029352107669870255
2023.495890410959,1.8657718120805369,0.03700234126399549,0.021458717391191876
2023.868493150685,1.8657718120805369,0.03127115432386732,0.020561039879043983
2024.3551912568305,1.8657718120805369,0.047144748685622975,0.023047325677145514
2024.6284153005465,1.8657718120805369,0.04423513214823496,0.0225915915749652
2024.9726775956285,1.8657718120805369,0.05894926984110107,0.02489627133075035
2025.0684931506848,1.8657718120805369,0.07982448640428821,0.028165962699353873
2025.1397260273973,1.8657718120805369,0.06817877670303736,0.026341891730979273
2025.2027397260274,1.8657718120805369,0.06394940273292966,0.02567944363024703
2025.4136986301369,1.8657718120805369,0.0926574471907558,0.03017599315772696
2025.8164383561643,1.8657718120805369,0.09106069827054267,0.029925893900244062
2025.8931506849315,1.8657718120805369,0.09097815715479135,0.029912965460775653
2010.5260273972603,1.9731543624161074,0.03438092321861612,0.02104812390438736
2010.8657534246574,1.9731543624161074,0.034244561950980426,0.021026765598548915
2011.1561643835616,1.9731543624161074,0.03267300869228131,0.0207806127450101
2012.0983606557377,1.9731543624161074,0.030857009682120715,0.020496172280838547
2013.158904109589,1.9731543624161074,0.02153870901593837,0.019036644080685724
2014.0657534246575,1.9731543624161074,0.01885605441862779,0.018616459094569743
2015.0465753424658,1.9731543624161074,0.024251252308396937,0.01946151054199735
2015.6794520547944,1.9731543624161074,0.020068257971752684,0.018806326897025626
2016.0573770491803,1.9731543624161074,0.021180750136605996,0.018980576875130023
2016.4562841530055,1.9731543624161074,0.025350716531487804,0.019633719949715214
2016.879781420765,1.9731543624161074,0.022421101842212066,0.01917485353106684
2017.4575342465753,1.9731543624161074,0.021562236489907995,0.019040329195919414
2017.7972602739726,1.9731543624161074,0.014505408238703206,0.017935016091605492
2017.8575342465754,1.9731543624161074,0.020752687183118432,0.018913529247623947
2018.304109589041,1.9731543624161074,0.03575259143193445,0.02126296870391791
2018.4109589041095,1.9731543624161074,0.03290885624336332,0.02081755361696441
2018.9561643835616,1.9731543624161074,0.035270047081138255,0.021187387638974656
2019.5890410958905,1.9731543624161074,0.04549235867627816,0.022788511339350854
2019.958904109589,1.9731543624161074,0.03923044490342369,0.021807705925808555
2020.1256830601094,1.9731543624161074,0.044429409671629144,0.022622021321139708
2020.2704918032787,1.9731543624161074,0.03860157839647367,0.021709206378100657
2020.3497267759562,1.9731543624161074,0.05827444175250595,0.02479057280686237
2020.448087431694,1.9731543624161074,0.04193331471798923,0.022231057227405527
2020.5819672131147,1.9731543624161074,0.038741468986191255,0.02173111748270472
2020.9781420765028,1.9731543624161074,0.07184418269126588,0.026916005359255264
2021.164383561644,1.9731543624161074,0.07401560011201654,0.02725611511460909
2021.5972602739726,1.9731543624161074,0.07960117437816337,0.028130985270395675
2022.1479452054793,1.9731543624161074,0.11225561996181804,0.03324566077798754
2022.441095890411,1.9731543624161074,0.0892422210974396,0.029641065280675005
2023.495890410959,1.9731543624161074,0.04044449552203451,0.021997863034679932
2023.868493150685,1.9731543624161074,0.03313980977436025,0.020853727937099647
2024.3551912568305,1.9731543624161074,0.0414320464694055,0.022152543432792274
2024.6284153005465,1.9731543624161074,0.03629842641619241,0.02134846299957266
2024.9726775956285,1.9731543624161074,0.05055845934109764,0.023582016190718386
2025.0684931506848,1.9731543624161074,0.06699668694988573,0.026156740661954652
2025.1397260273973,1.9731543624161074,0.05349929309407562,0.02404263985464563
2025.2027397260274,1.9731543624161074,0.05838173233984976,0.024807377763414965
2025.4136986301369,1.9731543624161074,0.07860915349211918,0.027975604744461726
2025.8164383561643,1.9731543624161074,0.07869622082274999,0.027989242126310643
2025.8931506849315,1.9731543624161074,0.078337355494523,0.027933032943395428
2010.5260273972603,2.0805369127516777,0.033900211864254265,0.020972829942219873
2010.8657534246574,2.0805369127516777,0.03180953673051727,0.02064536687525516
2011.1561643835616,2.0805369127516777,0.030718620461193093,0.020474496336073848
2012.0983606557377,2.0805369127516777,0.029688201113659943,0.020313101447715535
2013.158904109589,2.0805369127516777,0.024710882193899452,0.019533502507437846
2014.0657534246575,2.0805369127516777,0.019375869696922076,0.01869787791595358
2015.0465753424658,2.0805369127516777,0.025593222763695855,0.019671703772871404
2015.6794520547944,2.0805369127516777,0.01725665649698871,0.018365944923206947
2016.0573770491803,2.0805369127516777,0.018044816825648704,0.018489394709507122
2016.4562841530055,2.0805369127516777,0.02302375971593435,0.019269248012770353
2016.879781420765,2.0805369127516777,0.019481534303876225,0.018714428194714958
2017.4575342465753,2.0805369127516777,0.018303297460992803,0.01852988060816966
2017.7972602739726,2.0805369127516777,0.009506920420977128,0.01715210146055394
2017.8575342465754,2.0805369127516777,0.016213595101679294,0.018202569907151734
2018.304109589041,2.0805369127516777,0.030413211499373947,0.020426660039701467
2018.4109589041095,2.0805369127516777,0.026973668055335156,0.019887923328785476
2018.9561643835616,2.0805369127516777,0.028318134762357144,0.020098507548308105
2019.5890410958905,2.0805369127516777,0.03310734845263776,0.020848643510639774
2019.958904109589,2.0805369127516777,0.026541193449245225,0.019820184702822374
2020.1256830601094,2.0805369127516777,0.036329297935086435,0.021353298414743465
2020.2704918032787,2.0805369127516777,0.03127820492857306,0.020562144217352526
2020.3497267759562,2.0805369127516777,0.048345248797698394,0.023235360366154808
2020.448087431694,2.0805369127516777,0.03244083718339052,0.020744247652635703
2020.5819672131147,2.0805369127516777,0.033284704926711046,0.020876422907834914
2020.9781420765028,2.0805369127516777,0.06051087829019812,0.025140866525808356
2021.164383561644,2.0805369127516777,0.06709479647614179,0.02617210758618302
2021.5972602739726,2.0805369127516777,0.07046047136979568,0.026699274244119022
2022.1479452054793,2.0805369127516777,0.10127972574707104,0.031526503208147004
2022.441095890411,2.0805369127516777,0.08651332353745232,0.029213637245584418
2023.495890410959,2.0805369127516777,0.044299194569669104,0.022601625691055977
2023.868493150685,2.0805369127516777,0.03466512609997622,0.021092638686080883
2024.3551912568305,2.0805369127516777,0.0358472761490632,0.02127779919927576
2024.6284153005465,2.0805369127516777,0.03023126449475678,0.020398161626344207
2024.9726775956285,2.0805369127516777,0.0426878540331037,0.022349240944371247
2025.0684931506848,2.0805369127516777,0.05184162518052407,0.02378299883714794
2025.1397260273973,2.0805369127516777,0.03960561425256658,0.02186646881236085
2025.2027397260274,2.0805369127516777,0.052597213644913446,0.023901346882676106
2025.4136986301369,2.0805369127516777,0.06260505259804934,0.025468877669453566
2025.8164383561643,2.0805369127516777,0.06249408395864979,0.02545149661851538
2025.8931506849315,2.0805369127516777,0.06202625985553458,0.025378221190337162
2010.5260273972603,2.1879194630872485,0.031555437599807876,0.02060556725296452
2010.8657534246574,2.1879194630872485,0.027666601003448338,0.019996457622195495
2011.1561643835616,2.1879194630872485,0.027307054331152013,0.019940141720156398
2012.0983606557377,2.1879194630872485,0.026854456961574645,0.019869251259773367
2013.158904109589,2.1879194630872485,0.026904275473216978,0.01987705434804412
2014.0657534246575,2.1879194630872485,0.019744183398216823,0.018755567000347823
2015.0465753424658,2.1879194630872485,0.025590969705578653,0.019671350875709523
2015.6794520547944,2.1879194630872485,0.01457830200480012,0.017946433463833015
2016.0573770491803,2.1879194630872485,0.014457906095910177,0.017927575816875384
2016.4562841530055,2.1879194630872485,0.019751963583740182,0.018756785613116455
2016.879781420765,2.1879194630872485,0.016176759309847896,0.018196800306139824
2017.4575342465753,2.1879194630872485,0.01472370263807552,0.01796920760819559
2017.7972602739726,2.1879194630872485,0.006235050928728294,0.0166396275704929
2017.8575342465754,2.1879194630872485,0.01273287958312591,0.017657384401979625
2018.304109589041,2.1879194630872485,0.024409577375412446,0.01948630904425419
2018.4109589041095,2.1879194630872485,0.021293248282898664,0.01899819749318702
2018.9561643835616,2.1879194630872485,0.02079760363521763,0.01892056452485293
2019.5890410958905,2.1879194630872485,0.02139023228502838,0.019013388126237284
2019.958904109589,2.1879194630872485,0.01618128050006613,0.018197508461506147
2020.1256830601094,2.1879194630872485,0.027474544380339184,0.019966375736292067
2020.2704918032787,2.1879194630872485,0.023413677450861384,0.01933032094336714
2020.3497267759562,2.1879194630872485,0.03619444808556326,0.021332176842772763
2020.448087431694,2.1879194630872485,0.02357439224678086,0.019355493749571767
2020.5819672131147,2.1879194630872485,0.02812721371269689,0.020068603527611154
2020.9781420765028,2.1879194630872485,0.04810643669646217,0.023197955155829605
2021.164383561644,2.1879194630872485,0.05884677881021031,0.024880218130150084
2021.5972602739726,2.1879194630872485,0.06039885648179463,0.025123320516696378
2022.1479452054793,2.1879194630872485,0.08474419255783143,0.028936537734952448
2022.441095890411,2.1879194630872485,0.07902525172217079,0.02804077833378344
2023.495890410959,2.1879194630872485,0.04639100929658401,0.022929267252838517
2023.868493150685,2.1879194630872485,0.03475163066854386,0.021106187922340747
2024.3551912568305,2.1879194630872485,0.030247447923802014,0.02040069644164078
2024.6284153005465,2.1879194630872485,0.025773380988897938,0.01969992200917775
2024.9726775956285,2.1879194630872485,0.03546241121351765,0.02121751769014639
2025.0684931506848,2.1879194630872485,0.036801921594654695,0.021427325598874013
2025.1397260273973,2.1879194630872485,0.027964915143542487,0.02004318265453448
2025.2027397260274,2.1879194630872485,0.04614576562891154,0.02289085466435273
2025.4136986301369,2.1879194630872485,0.04721600642200767,0.02305848679755344
2025.8164383561643,2.1879194630872485,0.04562850287854664,0.022809835646176377
2025.8931506849315,2.1879194630872485,0.04530093516049008,0.022758528617235107
2010.5260273972603,2.295302013422819,0.027449565784192373,0.019962463331360897
2010.8657534246574,2.295302013422819,0.022623706234276682,0.019206587517153626
2011.1561643835616,2.295302013422819,0.02310253434559142,0.019281586506403464
2012.0983606557377,2.295302013422819,0.02302304420416832,0.01926913594194999
2013.158904109589,2.295302013422819,0.0273054906565622,0.019939896801341107
2014.0657534246575,2.295302013422819,0.019668037671340576,0.018743640272537856
2015.0465753424658,2.295302013422819,0.0239273063661898,0.019410770792882764
2015.6794520547944,2.295302013422819,0.012273559216758143,0.01758544091661311
2016.0573770491803,2.295302013422819,0.011095687164283528,0.01740095046729786
2016.4562841530055,2.295302013422819,0.01608462913051304,0.018182369928795128
2016.879781420765,2.295302013422819,0.01309451852437853,0.01771402801672659
2017.4575342465753,2.295302013422819,0.01137818065587674,0.017445197506764643
2017.7972602739726,2.295302013422819,0.004351684777410813,0.016344635370999155
2017.8575342465754,2.295302013422819,0.010272081870033974,0.017271948925513002
2018.304109589041,2.295302013422819,0.018829960347677192,0.018612371972488845
2018.4109589041095,2.295302013422819,0.016584949727979685,0.01826073529253253
2018.9561643835616,2.295302013422819,0.014269832019330223,0.017898117718417334
2019.5890410958905,2.295302013422819,0.01229221377422005,0.017588362785487317
2019.958904109589,2.295302013422819,0.009172201604989261,0.017099674353020376
2020.1256830601094,2.295302013422819,0.019611254979166482,0.018734746382602595
2020.2704918032787,2.295302013422819,0.016087751455031392,0.01818285897941152
2020.3497267759562,2.295302013422819,0.024479647281870937,0.019497284114508084
2020.448087431694,2.295302013422819,0.016097128477909003,0.018184327705289088
2020.5819672131147,2.295302013422819,0.023172692686088413,0.019292575428107066
2020.9781420765028,2.295302013422819,0.03601905926884657,0.02130470564033362
2021.164383561644,2.295302013422819,0.049508775442223395,0.023417603889963445
2021.5972602739726,2.295302013422819,0.05006630381820828,0.02350492972503641
2022.1479452054793,2.295302013422819,0.06556295010072852,0.02593217403356311
2022.441095890411,2.295302013422819,0.06801347740616755,0.026316000853029552
2023.495890410959,2.295302013422819,0.045120871398920036,0.022730325176795498
2023.868493150685,2.295302013422819,0.032722941766200796,0.02078843377720434
2024.3551912568305,2.295302013422819,0.024760346969387788,0.019541250189909768
2024.6284153005465,2.295302013422819,0.022451368391888188,0.019179594189729414
2024.9726775956285,2.295302013422819,0.028846248771218715,0.02018122620232477
2025.0684931506848,2.295302013422819,0.024032981022466506,0.019427322645672516
2025.1397260273973,2.295302013422819,0.01949071536496398,0.01871586622703919
2025.2027397260274,2.295302013422819,0.03893712125691118,0.02176176255596105
2025.4136986301369,2.295302013422819,0.034241318029659136,0.021026257502189172
2025.8164383561643,2.295302013422819,0.030863730669046602,0.020497224991016357
2025.8931506849315,2.295302013422819,0.030840422270308712,0.020493574189601266
2010.5260273972603,2.402684563758389,0.02224123705722864,0.01914668125638907
2010.8657534246574,2.402684563758389,0.017653094232390497,0.018428039083414022
2011.1561643835616,2.402684563758389,0.018935311415767573,0.018628873141564892
2012.0983606557377,2.402684563758389,0.01908023470622153,0.018651572519579614
2013.158904109589,2.402684563758389,0.025616501014466074,0.01967534985220137
2014.0657534246575,2.402684563758389,0.018967455178897273,0.01863390782872809
2015.0465753424658,2.402684563758389,0.020833954044769547,0.018926258100294285
2015.6794520547944,2.402684563758389,0.010555049689651862,0.017316270259119127
2016.0573770491803,2.402684563758389,0.008410431802295285,0.01698035812263819
2016.4562841530055,2.402684563758389,0.012625915598765185,0.017640630601349242
2016.879781420765,2.402684563758389,0.010617418800235196,0.01732603915142856
2017.4575342465753,2.402684563758389,0.008626073180512643,0.017014134095737043
2017.7972602739726,2.402684563758389,0.0034280419943727063,0.016199964927642016
2017.8575342465754,2.402684563758389,0.008633745838284645,0.017015335866402057
2018.304109589041,2.402684563758389,0.014243468626535107,0.017893988412375963
2018.4109589041095,2.402684563758389,0.013029744610907387,0.017703882459426803
2018.9561643835616,2.402684563758389,0.00974143744175264,0.017188833931151278
2019.5890410958905,2.402684563758389,0.006330216505941383,0.016654533383108544
2019.958904109589,2.402684563758389,0.0053151645824618616,0.016495545498942676
2020.1256830601094,2.402684563758389,0.013737788725349002,0.01781478361930568
2020.2704918032787,2.402684563758389,0.010148172717978228,0.017252540998235154
2020.3497267759562,2.402684563758389,0.0149436591953987,0.018003659469079066
2020.448087431694,2.402684563758389,0.010382179233167862,0.017289193508190994
2020.5819672131147,2.402684563758389,0.018361157440544968,0.018538943233946815
2020.9781420765028,2.402684563758389,0.025303126959588536,0.019626265980938244
2021.164383561644,2.402684563758389,0.03957067074817261,0.021860995600892122
2021.5972602739726,2.402684563758389,0.040073627282945855,0.02193977383227253
2022.1479452054793,2.402684563758389,0.04699488514820017,0.023023852506781194
2022.441095890411,2.402684563758389,0.055335111378182436,0.02433018461758016
2023.495890410959,2.402684563758389,0.04024168411392522,0.0219660966236086
2023.868493150685,2.402684563758389,0.028631985155123874,0.02014766602851625
2024.3551912568305,2.402684563758389,0.019665312295063214,0.018743213396042308
2024.6284153005465,2.402684563758389,0.01970379919059067,0.01874924160991638
2024.9726775956285,2.402684563758389,0.022668769406485212,0.019213645775196898
2025.0684931506848,2.402684563758389,0.014527821242801301,0.01793852664709229
2025.1397260273973,2.402684563758389,0.014095126556547377,0.017870753549907758
2025.2027397260274,2.402684563758389,0.03132599950665249,0.02056963029630837
2025.4136986301369,2.402684563758389,0.024299322237914416,0.019469039749330695
2025.8164383561643,2.402684563758389,0.01961871760609705,0.01873591525607455
2025.8931506849315,2.402684563758389,0.019971066953578302,0.018791103838990818
2010.5260273972603,2.51006711409396,0.016858123477833862,0.01830352257808349
2010.8657534246574,2.51006711409396,0.013491605446017477,0.01777622385916675
2011.1561643835616,2.51006711409396,0.015390009906074855,0.018073571513423627
2012.0983606557377,2.51006711409396,0.01572006081173516,0.018125267484776584
2013.158904109589,2.51006711409396,0.022200354403203677,0.019140277794150177
2014.0657534246575,2.51006711409396,0.01762408183816945,0.018423494863492762
2015.0465753424658,2.51006711409396,0.016930234401703614,0.018314817333500533
2015.6794520547944,2.51006711409396,0.009573747411046593,0.01716256859185093
2016.0573770491803,2.51006711409396,0.006579824594400216,0.01669362957211799
2016.4562841530055,2.51006711409396,0.009824752355340801,0.017201883570804627
2016.879781420765,2.51006711409396,0.00890481726985997,0.01705779386521678
2017.4575342465753,2.51006711409396,0.00660361284829019,0.016697355533388032
2017.7972602739726,2.51006711409396,0.0030527269300527414,0.01614117921767827
2017.8575342465754,2.51006711409396,0.0075277214174287975,0.016842098932960396
2018.304109589041,2.51006711409396,0.010703987684467202,0.017339598461470023
2018.4109589041095,2.51006711409396,0.010428444304354165,0.01729644002002802
2018.9561643835616,2.51006711409396,0.007475806617101144,0.01683396750237043
2019.5890410958905,2.51006711409396,0.003087060691800599,0.016146556924975287
2019.958904109589,2.51006711409396,0.003921649141905379,0.01627727876172289
2020.1256830601094,2.51006711409396,0.009956097001156215,0.01722245612167781
2020.2704918032787,2.51006711409396,0.005987314024129509,0.01660082446556705
2020.3497267759562,2.51006711409396,0.008238295951290176,0.01695339643318433
2020.448087431694,2.51006711409396,0.006536884844047908,0.016686903906270548
2020.5819672131147,2.51006711409396,0.013723730728024507,0.01781258171101062
2020.9781420765028,2.51006711409396,0.01666116780997834,0.018272673353346806
2021.164383561644,2.51006711409396,0.029923518060510964,0.02034995921097159
2021.5972602739726,2.51006711409396,0.030983438199341417,0.020515974817030238
2022.1479452054793,2.51006711409396,0.031593992830728716,0.02061160617023155
2022.441095890411,2.51006711409396,0.04286067022324589,0.02237630919554615
2023.495890410959,2.51006711409396,0.03294182807067169,0.02082271800406578
2023.868493150685,2.51006711409396,0.02317067679198355,0.019292259678014855
2024.3551912568305,2.51006711409396,0.015216522421185876,0.018046398117153212
2024.6284153005465,2.51006711409396,0.017106999975610573,0.018342504177827172
2024.9726775956285,2.51006711409396,0.016949187424045456,0.018317785951017507
2025.0684931506848,2.51006711409396,0.008293093399793205,0.01696197937381393
2025.1397260273973,2.51006711409396,0.011069688561897217,0.01739687829848653
2025.2027397260274,2.51006711409396,0.024106905849057732,0.01943890151321141
2025.4136986301369,2.51006711409396,0.017160502568902173,0.018350884304900533
2025.8164383561643,2.51006711409396,0.012125942707859005,0.017562319698993644
2025.8931506849315,2.51006711409396,0.012870130215807863,0.017678882009329336
2010.5260273972603,2.61744966442953,0.012253076687523179,0.017582232731977322
2010.8657534246574,2.61744966442953,0.010560225090768536,0.017317080883732724
2011.1561643835616,2.61744966442953,0.012784102990061665,0.017665407539417328
2012.0983606557377,2.61744966442953,0.013386898539502975,0.017759823585309597
2013.158904109589,2.61744966442953,0.017995657549566085,0.018481694877497828
2014.0657534246575,2.61744966442953,0.01585040153022716,0.018145682790215018
2015.0465753424658,2.61744966442953,0.013100667704850943,0.01771499116468981
2015.6794520547944,2.61744966442953,0.009422696043697592,0.017138909371332577
2016.0573770491803,2.61744966442953,0.005654956798942455,0.016548767254701825
2016.4562841530055,2.61744966442953,0.007968706292325827,0.01691117052485364
2016.879781420765,2.61744966442953,0.008010332093753856,0.01691769038649093
2017.4575342465753,2.61744966442953,0.0053478997482240215,0.016500672817675793
2017.7972602739726,2.61744966442953,0.002951843288304918,0.01612537778291673
2017.8575342465754,2.61744966442953,0.006745898191573026,0.016719641728954075
2018.304109589041,2.61744966442953,0.00810770801946328,0.01693294240664785
2018.4109589041095,2.61744966442953,0.008580930618655917,0.017007063402869605
2018.9561643835616,2.61744966442953,0.007230792073982956,0.016795590801731614
2019.5890410958905,2.61744966442953,0.0018601788469163947,0.015954390057322836
2019.958904109589,2.61744966442953,0.004206091448375391,0.016321831044642472
2020.1256830601094,2.61744966442953,0.008009644720090981,0.016917582722950016
2020.2704918032787,2.61744966442953,0.0036094810057346336,0.01622838377386487
2020.3497267759562,2.61744966442953,0.004280838058318688,0.016333538628351806
2020.448087431694,2.61744966442953,0.004462857418058262,0.016362048374713372
2020.5819672131147,2.61744966442953,0.009672046869498975,0.0171779652652156
2020.9781420765028,2.61744966442953,0.01058911789805116,0.017321606372716312
2021.164383561644,2.61744966442953,0.021665515387687198,0.01905650580034435
2021.5972602739726,2.61744966442953,0.023480382844127918,0.019340769028920776
2022.1479452054793,2.61744966442953,0.020725049536223134,0.018909200354784512
2022.441095890411,2.61744966442953,0.03214667743324129,0.02069817332362732
2023.495890410959,2.61744966442953,0.025083486955925886,0.019591863701948608
2023.868493150685,2.61744966442953,0.01749126195180272,0.018402691245253993
2024.3551912568305,2.61744966442953,0.01179948744980947,0.01751118691499359
2024.6284153005465,2.61744966442953,0.01449140551265277,0.017932822840466493
2024.9726775956285,2.61744966442953,0.01200170092322663,0.017542859671376552
2025.0684931506848,2.61744966442953,0.004790119636709095,0.01641330755319201
2025.1397260273973,2.61744966442953,0.009572595758681602,0.01716238820819905
2025.2027397260274,2.61744966442953,0.01813043705383136,0.018502805431269902
2025.4136986301369,2.61744966442953,0.012313963523029409,0.017591769455101307
2025.8164383561643,2.61744966442953,0.007907644598607114,0.016901606413635917
2025.8931506849315,2.61744966442953,0.009026465324340472,0.017076847636110042
2010.5260273972603,2.7248322147651005,0.008913426524494252,0.017059142335326422
2010.8657534246574,2.7248322147651005,0.008826863669855783,0.017045583969701978
2011.1561643835616,2.7248322147651005,0.010992657489703732,0.017384812898776646
2012.0983606557377,2.7248322147651005,0.012063704238468904,0.017552571269053102
2013.158904109589,2.7248322147651005,0.01398098635094895,0.017852875735614136
2014.0657534246575,2.7248322147651005,0.013863702717254801,0.017834505565244525
2015.0465753424658,2.7248322147651005,0.009914166202788594,0.017215888488279315
2015.6794520547944,2.7248322147651005,0.009960319726494518,0.01722311752840137
2016.0573770491803,2.7248322147651005,0.005511622306384702,0.016526316730573334
2016.4562841530055,2.7248322147651005,0.007077646427813148,0.01677160355369972
2016.879781420765,2.7248322147651005,0.007810386752437729,0.01688637288831241
2017.4575342465753,2.7248322147651005,0.004789581997952314,0.0164132233426739
2017.7972602739726,2.7248322147651005,0.0029234240553477767,0.01612092647002036
2017.8575342465754,2.7248322147651005,0.006158706727731553,0.016627669755622507
2018.304109589041,2.7248322147651005,0.006240106742906544,0.01664041946416882
2018.4109589041095,2.7248322147651005,0.007302726129775711,0.016806857854249235
2018.9561643835616,2.7248322147651005,0.008358116033997623,0.01697216388831602
2019.5890410958905,2.7248322147651005,0.001994031552408883,0.01597535544632794
2019.958904109589,2.7248322147651005,0.005462982077812135,0.016518698197129658
2020.1256830601094,2.7248322147651005,0.007265336117805311,0.016801001445572394
2020.2704918032787,2.7248322147651005,0.00259974190785775,0.01607022803915064
2020.3497267759562,2.7248322147651005,0.0025205675663959935,0.01605782693853888
2020.448087431694,2.7248322147651005,0.0038405531187377263,0.016264576667534947
2020.5819672131147,2.7248322147651005,0.006573400564955877,0.016692623374478684
2020.9781420765028,2.7248322147651005,0.007019699521620866,0.016762527312577113
2021.164383561644,2.7248322147651005,0.015344303577222702,0.0180664125175643
2021.5972602739726,2.7248322147651005,0.017823681482789625,0.01845475821509515
2022.1479452054793,2.7248322147651005,0.014104232247715957,0.017872179777019173
2022.441095890411,2.7248322147651005,0.023858524782883063,0.019399997513066664
2023.495890410959,2.7248322147651005,0.018401654200583754,0.018545286253496072
2023.868493150685,2.7248322147651005,0.012640137400047357,0.017642858166306834
2024.3551912568305,2.7248322147651005,0.00943343675964614,0.01714059169286075
2024.6284153005465,2.7248322147651005,0.011959284742579523,0.017536216012407502
2024.9726775956285,2.7248322147651005,0.008165514737605895,0.01694199669007462
2025.0684931506848,2.7248322147651005,0.00325536423364873,0.01617291835870799
2025.1397260273973,2.7248322147651005,0.00874983862725583,0.017033519514409116
2025.2027397260274,2.7248322147651005,0.013825941382815935,0.017828590996219196
2025.4136986301369,2.7248322147651005,0.009136237089423523,0.017094041220268655
2025.8164383561643,2.7248322147651005,0.006059132512712862,0.01661207341675835
2025.8931506849315,2.7248322147651005,0.007479054055685325,0.016834476149640103
2010.5260273972603,2.8322147651006713,0.006894427681426438,0.016742905947051488
2010.8657534246574,2.8322147651006713,0.008052056378542937,0.0169242256736063
2011.1561643835616,2.8322147651006713,0.009748838767815614,0.01718999320305014
2012.0983606557377,2.8322147651006713,0.011442851061325551,0.017455326851572157
2013.158904109589,2.8322147651006713,0.010790633948482892,0.017353169891529987
2014.0657534246575,2.8322147651006713,0.011927070634191926,0.017531170307045672
2015.0465753424658,2.8322147651006713,0.0077138343687118225,0.01687124985978089
2015.6794520547944,2.8322147651006713,0.010857388583429948,0.017363625689822665
2016.0573770491803,2.8322147651006713,0.0060262445972478415,0.016606922172793918
2016.4562841530055,2.8322147651006713,0.006991028301900617,0.016758036530919212
2016.879781420765,2.8322147651006713,0.008100094652694362,0.01693174992275026
2017.4575342465753,2.8322147651006713,0.004811628201777092,0.01641667644612498
2017.7972602739726,2.8322147651006713,0.0029282291389282388,0.016121679091688303
2017.8575342465754,2.8322147651006713,0.005740160985171265,0.01656211281168984
2018.304109589041,2.8322147651006713,0.004997208036498488,0.01644574387074013
2018.4109589041095,2.8322147651006713,0.006513572928047119,0.01668325255394552
2018.9561643835616,2.8322147651006713,0.010048084480110762,0.01723686414781957
2019.5890410958905,2.8322147651006713,0.0030685794851527926,0.016143662208090565
2019.958904109589,2.8322147651006713,0.007135999829102846,0.016780743464270137
2020.1256830601094,2.8322147651006713,0.007247572935254177,0.01679821919301513
2020.2704918032787,2.8322147651006713,0.0025602455578794775,0.016064041714126207
2020.3497267759562,2.8322147651006713,0.002298432064709465,0.016023033788952798
2020.448087431694,2.8322147651006713,0.00423306458381663,0.01632605585485555
2020.5819672131147,2.8322147651006713,0.004469064884601505,0.016363020652041173
2020.9781420765028,2.8322147651006713,0.005556613625936952,0.016533363734313716
2021.164383561644,2.8322147651006713,0.011031415716940218,0.017390883611416868
2021.5972602739726,2.8322147651006713,0.013919849287311058,0.017843299819183592
2022.1479452054793,2.8322147651006713,0.01066582638699058,0.01733362124611533
2022.441095890411,2.8322147651006713,0.018041854285359003,0.0184889306859419
2023.495890410959,2.8322147651006713,0.013630905135568732,0.01779804241090231
2023.868493150685,2.8322147651006713,0.009039705306808858,0.017078921418495308
2024.3551912568305,2.8322147651006713,0.008083428353700286,0.016929139475390226
2024.6284153005465,2.8322147651006713,0.009711098536954114,0.017184081939484397
2024.9726775956285,2.8322147651006713,0.005578292024556157,0.016536759228326238
2025.0684931506848,2.8322147651006713,0.003047844215455529,0.016140414436641125
2025.1397260273973,2.8322147651006713,0.008119921463632504,0.01693485540203452
2025.2027397260274,2.8322147651006713,0.01099458394483784,0.017385114640016307
2025.4136986301369,2.8322147651006713,0.007133330226565671,0.016780325323632075
2025.8164383561643,2.8322147651006713,0.0057105401044694115,0.016557473284350418
2025.8931506849315,2.8322147651006713,0.007274325739298363,0.01680240949265607
2010.5260273972603,2.9395973154362416,0.005952625772528464,0.016595391234419072
2010.8657534246574,2.9395973154362416,0.007925397731835692,0.016904387092164803
2011.1561643835616,2.9395973154362416,0.008800413852886681,0.01704144112701658
2012.0983606557377,2.9395973154362416,0.011124972900078117,0.017405537500790946
2013.158904109589,2.9395973154362416,0.008655352886713697,0.017018720184813107
2014.0657534246575,2.9395973154362416,0.01028886423870358,0.017274577552900777
2015.0465753424658,2.9395973154362416,0.006489116394207128,0.01667942191978848
2015.6794520547944,2.9395973154362416,0.011658430133743056,0.017489093065695085
2016.0573770491803,2.9395973154362416,0.007043470691662493,0.016766250597998918
2016.4562841530055,2.9395973154362416,0.007444327114192439,0.01682903685848288
2016.879781420765,2.9395973154362416,0.008616998642243988,0.017012712748113598
2017.4575342465753,2.9395973154362416,0.005303458126615621,0.016493711913287575
2017.7972602739726,2.9395973154362416,0.003094466540058722,0.016147716905186914
2017.8575342465754,2.9395973154362416,0.005492220581790707,0.01652327783268938
2018.304109589041,2.9395973154362416,0.004434229912891134,0.01635756444007891
2018.4109589041095,2.9395973154362416,0.006256642400707384,0.01664300944915997
2018.9561643835616,2.9395973154362416,0.01162213801026197,0.017483408619618314
2019.5890410958905,2.9395973154362416,0.0048045183060682626,0.01641556282104902
2019.958904109589,2.9395973154362416,0.008861094677280499,0.017050945582558853
2020.1256830601094,2.9395973154362416,0.0076061207048883726,0.016854378636633666
2020.2704918032787,2.9395973154362416,0.003230886093765242,0.01616908434038994
2020.3497267759562,2.9395973154362416,0.003155391562990667,0.01615725960961873
2020.448087431694,2.9395973154362416,0.005174553958783091,0.016473521615205478
2020.5819672131147,2.9395973154362416,0.0032602391600209607,0.01617368191987314
2020.9781420765028,2.9395973154362416,0.005618835513944832,0.016543109567107438
2021.164383561644,2.9395973154362416,0.00835598859241238,0.01697183066650884
2021.5972602739726,2.9395973154362416,0.011326463827203455,0.01743709708453368
2022.1479452054793,2.9395973154362416,0.009110769091268206,0.01709005216015558
2022.441095890411,2.9395973154362416,0.014261506155592038,0.01789681363590789
2023.495890410959,2.9395973154362416,0.010747198766528538,0.017346366626083617
2023.868493150685,2.9395973154362416,0.00667284263138295,0.016708199014869696
2024.3551912568305,2.9395973154362416,0.007499839571995372,0.016837731791231426
2024.6284153005465,2.9395973154362416,0.00788716206937215,0.01689839822900013
2024.9726775956285,2.9395973154362416,0.004071573728962717,0.01630076149430959
2025.0684931506848,2.9395973154362416,0.0036562897452712528,0.01623571544063704
2025.1397260273973,2.9395973154362416,0.007414400734084864,0.01682434948068083
2025.2027397260274,2.9395973154362416,0.0092012210337361,0.0171042196747615
2025.4136986301369,2.9395973154362416,0.005886445958831648,0.016585025470549495
2025.8164383561643,2.9395973154362416,0.006059805817324157,0.01661217887665954
2025.8931506849315,2.9395973154362416,0.007516740020205017,0.016840378913452615
